volumen,registros,consulta,estrategia,frio_s,mediana_s,min_s,max_s,mb_parquet
1_mes,3765161,(crear tabla),tabla,1.0488,1.0488,1.0488,1.0488,62.1
1_mes,3765161,Q1 Conteo de viajes por tipo y anio,parquet,0.0082,0.0049,0.0042,0.0088,62.1
1_mes,3765161,Q1 Conteo de viajes por tipo y anio,tabla,0.0099,0.0086,0.0083,0.0103,62.1
1_mes,3765161,Q2 Viajes e ingresos por mes (P1),parquet,0.0706,0.0705,0.0671,0.0768,62.1
1_mes,3765161,Q2 Viajes e ingresos por mes (P1),tabla,0.0221,0.0212,0.02,0.0221,62.1
1_mes,3765161,Q3 Viajes y velocidad mediana por hora del dia (P2),parquet,0.1009,0.0939,0.0925,0.1125,62.1
1_mes,3765161,Q3 Viajes y velocidad mediana por hora del dia (P2),tabla,0.0392,0.0375,0.0372,0.0385,62.1
1_mes,3765161,Q4 Formas de pago por tipo (P7),parquet,0.0312,0.0325,0.0277,0.0403,62.1
1_mes,3765161,Q4 Formas de pago por tipo (P7),tabla,0.0196,0.0211,0.0204,0.0222,62.1
1_mes,3765161,Q5 Propinas con tarjeta (P8),parquet,0.057,0.0574,0.0497,0.0668,62.1
1_mes,3765161,Q5 Propinas con tarjeta (P8),tabla,0.0394,0.0341,0.0323,0.0365,62.1
1_mes,3765161,Q6 Zonas de origen mas frecuentes en una semana (filtro selectivo por fecha),parquet,0.0299,0.0326,0.0302,0.0352,62.1
1_mes,3765161,Q6 Zonas de origen mas frecuentes en una semana (filtro selectivo por fecha),tabla,0.0036,0.0034,0.0033,0.0037,62.1
2026,30040469,(crear tabla),tabla,4.0521,4.0521,4.0521,4.0521,495.7
2026,30040469,Q1 Conteo de viajes por tipo y anio,parquet,0.0208,0.0146,0.0141,0.016,495.7
2026,30040469,Q1 Conteo de viajes por tipo y anio,tabla,0.0377,0.0372,0.0358,0.0385,495.7
2026,30040469,Q2 Viajes e ingresos por mes (P1),parquet,0.2621,0.2484,0.2469,0.2586,495.7
2026,30040469,Q2 Viajes e ingresos por mes (P1),tabla,0.1473,0.1272,0.126,0.1303,495.7
2026,30040469,Q3 Viajes y velocidad mediana por hora del dia (P2),parquet,0.3871,0.3849,0.3759,0.4044,495.7
2026,30040469,Q3 Viajes y velocidad mediana por hora del dia (P2),tabla,0.2676,0.2496,0.2414,0.2568,495.7
2026,30040469,Q4 Formas de pago por tipo (P7),parquet,0.088,0.0814,0.0805,0.0885,495.7
2026,30040469,Q4 Formas de pago por tipo (P7),tabla,0.1064,0.099,0.0972,0.1314,495.7
2026,30040469,Q5 Propinas con tarjeta (P8),parquet,0.4249,0.478,0.4566,0.4954,495.7
2026,30040469,Q5 Propinas con tarjeta (P8),tabla,0.3847,0.4032,0.3486,0.4474,495.7
2026,30040469,Q6 Zonas de origen mas frecuentes en una semana (filtro selectivo por fecha),parquet,0.0305,0.0307,0.0292,0.0337,495.7
2026,30040469,Q6 Zonas de origen mas frecuentes en una semana (filtro selectivo por fecha),tabla,0.0044,0.0037,0.0037,0.0038,495.7
2024_2026,71870407,(crear tabla),tabla,9.1988,9.1988,9.1988,9.1988,1171.7
2024_2026,71870407,Q1 Conteo de viajes por tipo y anio,parquet,0.0432,0.0331,0.0319,0.036,1171.7
2024_2026,71870407,Q1 Conteo de viajes por tipo y anio,tabla,0.0994,0.0761,0.0743,0.0768,1171.7
2024_2026,71870407,Q2 Viajes e ingresos por mes (P1),parquet,0.6717,0.5757,0.564,0.5874,1171.7
2024_2026,71870407,Q2 Viajes e ingresos por mes (P1),tabla,0.3901,0.3106,0.3011,0.3451,1171.7
2024_2026,71870407,Q3 Viajes y velocidad mediana por hora del dia (P2),parquet,0.9579,0.8893,0.8623,0.9177,1171.7
2024_2026,71870407,Q3 Viajes y velocidad mediana por hora del dia (P2),tabla,0.6545,0.6462,0.6228,0.67,1171.7
2024_2026,71870407,Q4 Formas de pago por tipo (P7),parquet,0.1916,0.1819,0.1793,0.1897,1171.7
2024_2026,71870407,Q4 Formas de pago por tipo (P7),tabla,0.2341,0.2084,0.2068,0.2124,1171.7
2024_2026,71870407,Q5 Propinas con tarjeta (P8),parquet,1.254,1.0931,1.0414,1.3275,1171.7
2024_2026,71870407,Q5 Propinas con tarjeta (P8),tabla,0.9952,1.1191,0.9959,1.1344,1171.7
2024_2026,71870407,Q6 Zonas de origen mas frecuentes en una semana (filtro selectivo por fecha),parquet,0.074,0.0736,0.0711,0.0773,1171.7
2024_2026,71870407,Q6 Zonas de origen mas frecuentes en una semana (filtro selectivo por fecha),tabla,0.005,0.004,0.0037,0.0042,1171.7
